USE [drinkit];


TRUNCATE TABLE Bebidas;
TRUNCATE TABLE Cartoes;
TRUNCATE TABLE Categoria;
TRUNCATE TABLE Clientes;
TRUNCATE TABLE Cupons;
TRUNCATE TABLE CuponsCliente;
TRUNCATE TABLE Enderecos;
TRUNCATE TABLE Estoque;
TRUNCATE TABLE HistoricoEstoque;
TRUNCATE TABLE InativacaoBebidas;
TRUNCATE TABLE Ingredientes;
TRUNCATE TABLE Notificacoes;
TRUNCATE TABLE Pedidos;
TRUNCATE TABLE PedidosHistorico;
TRUNCATE TABLE PedidosItens;
TRUNCATE TABLE PedidosStatus;
TRUNCATE TABLE Precificacao;
TRUNCATE TABLE SolicitacoesTroca;
TRUNCATE TABLE SolicitacoesItens;
TRUNCATE TABLE Telefones;
TRUNCATE TABLE TipoBebida;
TRUNCATE TABLE TipoCupom;


SET IDENTITY_INSERT [dbo].[Bebidas] ON 

INSERT [dbo].[Bebidas] ([Id], [Nome], [Descricao], [TipoBebida], [Marca], [Valor], [Volume], [Peso], [Sabor], [Lote], [DataFabricacao], [DataValidade], [Fabricante], [Embalagem], [CodigoBarras], [Alcoolico], [Teor], [Gaseificada], [ContemGluten], [DicaConservacao], [Status], [CaminhoImagem], [DtCadastro], [Categoria]) VALUES (1, N'Bebida Teste', N'Descricao Teste', 1, N'Marca Teste', CAST(27.99 AS Decimal(18, 2)), N'2 Litros', N'500 gramas', N'Sabor teste', N'Lote Teste', CAST(N'2019-10-14T00:00:00' AS SmallDateTime), CAST(N'2019-10-14T00:00:00' AS SmallDateTime), N'Fabricante Teste', N'Lata', N'0123456789', 0, CAST(10 AS Decimal(18, 0)), 0, 0, N'Dica Teste', 1, N'20191104153731075.jpg', CAST(N'2019-11-10T00:00:00' AS SmallDateTime), 1)
INSERT [dbo].[Bebidas] ([Id], [Nome], [Descricao], [TipoBebida], [Marca], [Valor], [Volume], [Peso], [Sabor], [Lote], [DataFabricacao], [DataValidade], [Fabricante], [Embalagem], [CodigoBarras], [Alcoolico], [Teor], [Gaseificada], [ContemGluten], [DicaConservacao], [Status], [CaminhoImagem], [DtCadastro], [Categoria]) VALUES (2, N'Suco de Laranja', N'Teste', 2, N'N/A', CAST(4.10 AS Decimal(18, 2)), N'300ml', N'300g', N'Laranja (DUH)', N'1011102', CAST(N'2010-10-10T00:00:00' AS SmallDateTime), CAST(N'2020-10-10T00:00:00' AS SmallDateTime), N'Jailson Mendes', N'Copo', N'100000000002', 0, CAST(0 AS Decimal(18, 0)), 0, 0, N'Manter em local seco e arejado', 1, N'20191022231500023.jpg', CAST(N'2019-11-10T00:00:00' AS SmallDateTime), 1)
INSERT [dbo].[Bebidas] ([Id], [Nome], [Descricao], [TipoBebida], [Marca], [Valor], [Volume], [Peso], [Sabor], [Lote], [DataFabricacao], [DataValidade], [Fabricante], [Embalagem], [CodigoBarras], [Alcoolico], [Teor], [Gaseificada], [ContemGluten], [DicaConservacao], [Status], [CaminhoImagem], [DtCadastro], [Categoria]) VALUES (1002, N'Heineken', N'Cerveja verde', 3, N'Heineken', CAST(8.70 AS Decimal(18, 2)), N'600ml', N'700g', N'Pilsen', N'0100232', CAST(N'2019-02-10T00:00:00' AS SmallDateTime), CAST(N'2019-12-31T00:00:00' AS SmallDateTime), N'Heineken', N'Garrafa', N'0000000000103', 1, CAST(14 AS Decimal(18, 0)), 0, 1, N'Manter gelada', 1, N'20191104151746309.jpg', CAST(N'2019-11-10T00:00:00' AS SmallDateTime), 1)
INSERT [dbo].[Bebidas] ([Id], [Nome], [Descricao], [TipoBebida], [Marca], [Valor], [Volume], [Peso], [Sabor], [Lote], [DataFabricacao], [DataValidade], [Fabricante], [Embalagem], [CodigoBarras], [Alcoolico], [Teor], [Gaseificada], [ContemGluten], [DicaConservacao], [Status], [CaminhoImagem], [DtCadastro], [Categoria]) VALUES (1003, N'Coca-Cola', N'Tipo Pepsi, só que melhor', 4, N'Coca-Cola', CAST(4.10 AS Decimal(18, 2)), N'350ml', N'500g', N'Cola', N'0000100323', CAST(N'2019-01-31T00:00:00' AS SmallDateTime), CAST(N'2020-12-29T00:00:00' AS SmallDateTime), N'Coca-Cola', N'Lata', N'1000000032', 0, CAST(0 AS Decimal(18, 0)), 1, 1, N'Manter gelada', 1, N'20191104152832676.jpg', CAST(N'2019-11-10T00:00:00' AS SmallDateTime), 1)
INSERT [dbo].[Bebidas] ([Id], [Nome], [Descricao], [TipoBebida], [Marca], [Valor], [Volume], [Peso], [Sabor], [Lote], [DataFabricacao], [DataValidade], [Fabricante], [Embalagem], [CodigoBarras], [Alcoolico], [Teor], [Gaseificada], [ContemGluten], [DicaConservacao], [Status], [CaminhoImagem], [DtCadastro], [Categoria]) VALUES (1004, N'Bonafont', N'Água leve', 1, N'Bonafont', CAST(5.99 AS Decimal(18, 2)), N'1,5L', N'1,6kg', N'N/A', N'10000000004', CAST(N'2019-01-01T00:00:00' AS SmallDateTime), CAST(N'2020-12-31T00:00:00' AS SmallDateTime), N'Bonafont', N'Garrafa', N'323565870000', 0, CAST(0 AS Decimal(18, 0)), 0, 0, N'Manter gelada', 1, N'20191104153409441.jpg', CAST(N'2019-11-10T00:00:00' AS SmallDateTime), 1)
INSERT [dbo].[Bebidas] ([Id], [Nome], [Descricao], [TipoBebida], [Marca], [Valor], [Volume], [Peso], [Sabor], [Lote], [DataFabricacao], [DataValidade], [Fabricante], [Embalagem], [CodigoBarras], [Alcoolico], [Teor], [Gaseificada], [ContemGluten], [DicaConservacao], [Status], [CaminhoImagem], [DtCadastro], [Categoria]) VALUES (1005, N'Natural One', N'Suco natural', 2, N'Natural One', CAST(6.49 AS Decimal(18, 2)), N'900ml', N'1.1kg', N'Laranja', N'00000232', CAST(N'2012-01-01T00:00:00' AS SmallDateTime), CAST(N'2020-12-31T00:00:00' AS SmallDateTime), N'Natural One', N'Garrafa', N'0111302000', 0, CAST(0 AS Decimal(18, 0)), 0, 1, N'Manter Gelada', 1, N'20191104153615950.jpg', CAST(N'2019-11-10T00:00:00' AS SmallDateTime), 1)
INSERT [dbo].[Bebidas] ([Id], [Nome], [Descricao], [TipoBebida], [Marca], [Valor], [Volume], [Peso], [Sabor], [Lote], [DataFabricacao], [DataValidade], [Fabricante], [Embalagem], [CodigoBarras], [Alcoolico], [Teor], [Gaseificada], [ContemGluten], [DicaConservacao], [Status], [CaminhoImagem], [DtCadastro], [Categoria]) VALUES (1006, N'Nestea', N'Chá gelado', 5, N'Nestlé', CAST(9.99 AS Decimal(18, 2)), N'1,5L', N'1.7kg', N'Limão', N'000002359', CAST(N'2019-10-10T00:00:00' AS SmallDateTime), CAST(N'2021-05-10T00:00:00' AS SmallDateTime), N'Nestlé', N'Garrafa', N'000000000545', 0, CAST(0 AS Decimal(18, 0)), 0, 1, N'Manter Gelada', 1, N'20191104154003375.jpg', CAST(N'2019-11-10T00:00:00' AS SmallDateTime), 1)
SET IDENTITY_INSERT [dbo].[Bebidas] OFF
SET IDENTITY_INSERT [dbo].[Cartoes] ON 

INSERT [dbo].[Cartoes] ([Id], [ClienteId], [Numero], [CodigoSeguranca], [Bandeira], [NomeTitular], [Preferencial], [MesValidade], [AnoValidade]) VALUES (1, 2, N'3214569874563214', 355, 0, N'Harry Eikki', 1, N'12        ', 0)
INSERT [dbo].[Cartoes] ([Id], [ClienteId], [Numero], [CodigoSeguranca], [Bandeira], [NomeTitular], [Preferencial], [MesValidade], [AnoValidade]) VALUES (2, 1, N'1234-5654-3214-0000', 123, 1, N'JORGE DA ROCHA', 0, N'12        ', 2021)
INSERT [dbo].[Cartoes] ([Id], [ClienteId], [Numero], [CodigoSeguranca], [Bandeira], [NomeTitular], [Preferencial], [MesValidade], [AnoValidade]) VALUES (1002, 1002, N'123456789000', 123, 0, N'Gabriel Lima Gomes', 1, N'2         ', 2019)
INSERT [dbo].[Cartoes] ([Id], [ClienteId], [Numero], [CodigoSeguranca], [Bandeira], [NomeTitular], [Preferencial], [MesValidade], [AnoValidade]) VALUES (1003, 1003, N'123456789000', 123, 0, N'Gabriel Lima Gomes', 1, N'2         ', 2019)
INSERT [dbo].[Cartoes] ([Id], [ClienteId], [Numero], [CodigoSeguranca], [Bandeira], [NomeTitular], [Preferencial], [MesValidade], [AnoValidade]) VALUES (1004, 1004, N'123456789000', 123, 0, N'Gabriel Lima Gomes', 1, N'2         ', 2019)
INSERT [dbo].[Cartoes] ([Id], [ClienteId], [Numero], [CodigoSeguranca], [Bandeira], [NomeTitular], [Preferencial], [MesValidade], [AnoValidade]) VALUES (2002, 2003, N'1111222233334444', 621, 1, N'JORGE DA ROSA', 1, N'2         ', 2020)
INSERT [dbo].[Cartoes] ([Id], [ClienteId], [Numero], [CodigoSeguranca], [Bandeira], [NomeTitular], [Preferencial], [MesValidade], [AnoValidade]) VALUES (3002, 3003, N'9781-6456-0021-3445', 621, 1, N'TESTE 3 SILVA', 1, N'12        ', 2022)
SET IDENTITY_INSERT [dbo].[Cartoes] OFF
SET IDENTITY_INSERT [dbo].[Categoria] ON 

INSERT [dbo].[Categoria] ([Id], [Descricao]) VALUES (1, N'Em Venda')
INSERT [dbo].[Categoria] ([Id], [Descricao]) VALUES (2, N'Fora de Mercado')
SET IDENTITY_INSERT [dbo].[Categoria] OFF
SET IDENTITY_INSERT [dbo].[Clientes] ON 

INSERT [dbo].[Clientes] ([Id], [Nome], [Genero], [Cpf], [Telefone], [DataNascimento], [Email], [Login], [Senha], [Status]) VALUES (1, N'Usuário Teste', N'Masculino', N'32314434900', NULL, CAST(N'2019-10-14T00:00:00' AS SmallDateTime), N'teste@teste.com', N'teste', N'202cb962ac59075b964b07152d234b70', 1)
INSERT [dbo].[Clientes] ([Id], [Nome], [Genero], [Cpf], [Telefone], [DataNascimento], [Email], [Login], [Senha], [Status]) VALUES (2, N'Renato Santos', N'Lagartixa', N'45097235800', NULL, CAST(N'1996-10-30T00:00:00' AS SmallDateTime), N'renatosng5@gmail.com', N'InsecticidePls', N'202cb962ac59075b964b07152d234b70', 1)
INSERT [dbo].[Clientes] ([Id], [Nome], [Genero], [Cpf], [Telefone], [DataNascimento], [Email], [Login], [Senha], [Status]) VALUES (2003, N'Teste 2', N'Helicóptero de Ataque', N'32314434900', NULL, CAST(N'2019-11-17T00:00:00' AS SmallDateTime), N'teste2@teste.com', N'TESTE2', N'202cb962ac59075b964b07152d234b70', 1)
INSERT [dbo].[Clientes] ([Id], [Nome], [Genero], [Cpf], [Telefone], [DataNascimento], [Email], [Login], [Senha], [Status]) VALUES (3003, N'Teste 3', N'Masculino', N'32314434900', NULL, CAST(N'1998-07-10T00:00:00' AS SmallDateTime), N'teste3@teste.com', N'teste3', N'202cb962ac59075b964b07152d234b70', 1) 
SET IDENTITY_INSERT [dbo].[Clientes] OFF
SET IDENTITY_INSERT [dbo].[Cupons] ON 

INSERT [dbo].[Cupons] ([Id], [Descricao], [IdTipo], [DtCriacao], [DtExpiracao], [Ativo], [Valor]) VALUES (1, N'Desconto', 1, CAST(N'2019-10-24T21:23:00' AS SmallDateTime), CAST(N'2019-10-25T00:00:00' AS SmallDateTime), 1, CAST(15.00 AS Decimal(18, 2)))
INSERT [dbo].[Cupons] ([Id], [Descricao], [IdTipo], [DtCriacao], [DtExpiracao], [Ativo], [Valor]) VALUES (2, N'Troca', 2, CAST(N'2019-10-24T21:23:00' AS SmallDateTime), CAST(N'2019-10-25T00:00:00' AS SmallDateTime), 1, CAST(15.00 AS Decimal(18, 2)))
SET IDENTITY_INSERT [dbo].[Cupons] OFF
INSERT [dbo].[CuponsCliente] ([IdCliente], [IdCupom]) VALUES (3, 1)
INSERT [dbo].[CuponsCliente] ([IdCliente], [IdCupom]) VALUES (1, 1004)
INSERT [dbo].[CuponsCliente] ([IdCliente], [IdCupom]) VALUES (1, 2002)
INSERT [dbo].[CuponsCliente] ([IdCliente], [IdCupom]) VALUES (1, 4002)
INSERT [dbo].[CuponsCliente] ([IdCliente], [IdCupom]) VALUES (4013, 4003)
INSERT [dbo].[CuponsCliente] ([IdCliente], [IdCupom]) VALUES (4014, 4004)
INSERT [dbo].[CuponsCliente] ([IdCliente], [IdCupom]) VALUES (5015, 5004)
SET IDENTITY_INSERT [dbo].[Enderecos] ON 

INSERT [dbo].[Enderecos] ([Id], [ClienteId], [Descricao], [Logradouro], [Bairro], [CEP], [Complemento], [Cidade], [Estado], [Cobranca], [Entrega], [Numero]) VALUES (1, 2, N'Casa', N'Rua dos Bobos', N'Ninguem', N'06172226', N'', N'Osasco', N'SP', 0, 0, N'0')
INSERT [dbo].[Enderecos] ([Id], [ClienteId], [Descricao], [Logradouro], [Bairro], [CEP], [Complemento], [Cidade], [Estado], [Cobranca], [Entrega], [Numero]) VALUES (1002, 1002, N'Minha Casa', N'Rua abc', N'Centro', N'01234-567', N'', N'Mogi das Cruzes', N'SP', 1, 1, N'123')
INSERT [dbo].[Enderecos] ([Id], [ClienteId], [Descricao], [Logradouro], [Bairro], [CEP], [Complemento], [Cidade], [Estado], [Cobranca], [Entrega], [Numero]) VALUES (1003, 1003, N'Minha Casa', N'Rua abc', N'Centro', N'01234-567', N'', N'Mogi das Cruzes', N'SP', 1, 1, N'123')
INSERT [dbo].[Enderecos] ([Id], [ClienteId], [Descricao], [Logradouro], [Bairro], [CEP], [Complemento], [Cidade], [Estado], [Cobranca], [Entrega], [Numero]) VALUES (1004, 1004, N'Minha Casa', N'Rua abc', N'Centro', N'01234-567', N'', N'Mogi das Cruzes', N'SP', 1, 1, N'123')
INSERT [dbo].[Enderecos] ([Id], [ClienteId], [Descricao], [Logradouro], [Bairro], [CEP], [Complemento], [Cidade], [Estado], [Cobranca], [Entrega], [Numero]) VALUES (2002, 2003, N'Casa', N'Rua Santa Efigênia', N'Jd. Universo', N'08700000', N'', N'Mogi das Cruzes', N'SP', 1, 1, N'1050')
INSERT [dbo].[Enderecos] ([Id], [ClienteId], [Descricao], [Logradouro], [Bairro], [CEP], [Complemento], [Cidade], [Estado], [Cobranca], [Entrega], [Numero]) VALUES (3002, 3003, N'Casa 3', N'Rua Alfredo Marshmallow', N'Jd. Universo', N'08790-500', N'', N'Extrema', N'AC', 1, 1, N'N/A')
INSERT [dbo].[Enderecos] ([Id], [ClienteId], [Descricao], [Logradouro], [Bairro], [CEP], [Complemento], [Cidade], [Estado], [Cobranca], [Entrega], [Numero]) VALUES (3005, 1, N'Novo Endereço 2', N'Rua Alfredo Marshmallow 2', N'Santana 2', N'09850-000', N'N/A', N'Extrema', N'AC', 1, 0, N'N/A')
INSERT [dbo].[Enderecos] ([Id], [ClienteId], [Descricao], [Logradouro], [Bairro], [CEP], [Complemento], [Cidade], [Estado], [Cobranca], [Entrega], [Numero]) VALUES (3006, 1, N'Novo Endereço 3', N'Rua JooJ', N'Paulista', N'07956-000', N'', N'São Paulo', N'SP', 0, 1, N'121')
SET IDENTITY_INSERT [dbo].[Enderecos] OFF
INSERT [dbo].[Estoque] ([IdBebida], [Qtde]) VALUES (1, 208)
INSERT [dbo].[Estoque] ([IdBebida], [Qtde]) VALUES (2008, 0)
INSERT [dbo].[Estoque] ([IdBebida], [Qtde]) VALUES (2, 2006)
INSERT [dbo].[Estoque] ([IdBebida], [Qtde]) VALUES (1002, 200)
INSERT [dbo].[Estoque] ([IdBebida], [Qtde]) VALUES (1003, 4994)
INSERT [dbo].[Estoque] ([IdBebida], [Qtde]) VALUES (1004, 130)
INSERT [dbo].[Estoque] ([IdBebida], [Qtde]) VALUES (1005, 100)
INSERT [dbo].[Estoque] ([IdBebida], [Qtde]) VALUES (1006, 150)
INSERT [dbo].[Estoque] ([IdBebida], [Qtde]) VALUES (3008, 0)
INSERT [dbo].[Estoque] ([IdBebida], [Qtde]) VALUES (3009, 0)
INSERT [dbo].[Estoque] ([IdBebida], [Qtde]) VALUES (3010, 0)
INSERT [dbo].[Estoque] ([IdBebida], [Qtde]) VALUES (3011, 0)
INSERT [dbo].[Estoque] ([IdBebida], [Qtde]) VALUES (3012, 0)
INSERT [dbo].[Estoque] ([IdBebida], [Qtde]) VALUES (3014, 0)
INSERT [dbo].[Estoque] ([IdBebida], [Qtde]) VALUES (3015, 0)
INSERT [dbo].[Estoque] ([IdBebida], [Qtde]) VALUES (3017, 0)
INSERT [dbo].[Estoque] ([IdBebida], [Qtde]) VALUES (3021, 0)
INSERT [dbo].[Estoque] ([IdBebida], [Qtde]) VALUES (3023, 0)
INSERT [dbo].[Estoque] ([IdBebida], [Qtde]) VALUES (4024, 0)
INSERT [dbo].[Estoque] ([IdBebida], [Qtde]) VALUES (5024, 0)
INSERT [dbo].[Estoque] ([IdBebida], [Qtde]) VALUES (3013, 0)
INSERT [dbo].[Estoque] ([IdBebida], [Qtde]) VALUES (3019, 0)
INSERT [dbo].[Estoque] ([IdBebida], [Qtde]) VALUES (3020, 0)
INSERT [dbo].[Estoque] ([IdBebida], [Qtde]) VALUES (3022, 0)
INSERT [dbo].[Estoque] ([IdBebida], [Qtde]) VALUES (3016, 0)
INSERT [dbo].[Estoque] ([IdBebida], [Qtde]) VALUES (3018, 0)
INSERT [dbo].[Estoque] ([IdBebida], [Qtde]) VALUES (3024, 0)
INSERT [dbo].[HistoricoEstoque] ([IdBebida], [Qtde], [Fornecedor], [VlrCusto], [DtEntrada]) VALUES (1004, 120, N'Minha mãe', CAST(1.20 AS Decimal(9, 2)), CAST(N'1998-07-10T00:00:00' AS SmallDateTime))
INSERT [dbo].[HistoricoEstoque] ([IdBebida], [Qtde], [Fornecedor], [VlrCusto], [DtEntrada]) VALUES (2, 5, N'Sufresh', CAST(4.10 AS Decimal(9, 2)), CAST(N'2019-11-17T00:00:00' AS SmallDateTime))
INSERT [dbo].[HistoricoEstoque] ([IdBebida], [Qtde], [Fornecedor], [VlrCusto], [DtEntrada]) VALUES (2, 5, N'Ades', CAST(4.05 AS Decimal(9, 2)), CAST(N'2019-11-16T00:00:00' AS SmallDateTime))
INSERT [dbo].[HistoricoEstoque] ([IdBebida], [Qtde], [Fornecedor], [VlrCusto], [DtEntrada]) VALUES (2, 3, N'DEVOLUÇÃO', CAST(0.00 AS Decimal(9, 2)), CAST(N'2019-11-17T21:17:00' AS SmallDateTime))
INSERT [dbo].[HistoricoEstoque] ([IdBebida], [Qtde], [Fornecedor], [VlrCusto], [DtEntrada]) VALUES (1005, 120, N'Jacquin', CAST(1.20 AS Decimal(9, 2)), CAST(N'2019-10-31T00:00:00' AS SmallDateTime))
INSERT [dbo].[HistoricoEstoque] ([IdBebida], [Qtde], [Fornecedor], [VlrCusto], [DtEntrada]) VALUES (1006, 13, N'Minha mãe', CAST(1.00 AS Decimal(9, 2)), CAST(N'2019-11-18T00:00:00' AS SmallDateTime))
INSERT [dbo].[HistoricoEstoque] ([IdBebida], [Qtde], [Fornecedor], [VlrCusto], [DtEntrada]) VALUES (1006, 100, N'Eu', CAST(1.10 AS Decimal(9, 2)), CAST(N'2019-11-17T00:00:00' AS SmallDateTime))
INSERT [dbo].[HistoricoEstoque] ([IdBebida], [Qtde], [Fornecedor], [VlrCusto], [DtEntrada]) VALUES (1006, 150, N'Eu', CAST(1.10 AS Decimal(9, 2)), CAST(N'2019-11-18T00:00:00' AS SmallDateTime))
INSERT [dbo].[HistoricoEstoque] ([IdBebida], [Qtde], [Fornecedor], [VlrCusto], [DtEntrada]) VALUES (1, 1, N'DEVOLUÇÃO', CAST(0.00 AS Decimal(9, 2)), CAST(N'2019-11-18T18:29:00' AS SmallDateTime))
INSERT [dbo].[HistoricoEstoque] ([IdBebida], [Qtde], [Fornecedor], [VlrCusto], [DtEntrada]) VALUES (1, 1, N'DEVOLUÇÃO', CAST(0.00 AS Decimal(9, 2)), CAST(N'2019-11-18T19:24:00' AS SmallDateTime))
INSERT [dbo].[HistoricoEstoque] ([IdBebida], [Qtde], [Fornecedor], [VlrCusto], [DtEntrada]) VALUES (1, 1, N'DEVOLUÇÃO', CAST(0.00 AS Decimal(9, 2)), CAST(N'2019-11-24T03:20:00' AS SmallDateTime))
INSERT [dbo].[InativacaoBebidas] ([IdBebida], [DtInativacao], [Categoria], [Acao], [Motivo]) VALUES (1003, CAST(N'2019-11-13T02:53:00' AS SmallDateTime), N'Manual', N'Inativacao', N'Prefiro vender pepsi!')
INSERT [dbo].[InativacaoBebidas] ([IdBebida], [DtInativacao], [Categoria], [Acao], [Motivo]) VALUES (1003, CAST(N'2019-11-13T02:54:00' AS SmallDateTime), N'Manual', N'Ativacao', N'Agora quero coca de novo')
INSERT [dbo].[InativacaoBebidas] ([IdBebida], [DtInativacao], [Categoria], [Acao], [Motivo]) VALUES (1006, CAST(N'2019-11-17T23:10:00' AS SmallDateTime), N'Automática', N'Inativacao', N'O estoque do item zerou.')
INSERT [dbo].[InativacaoBebidas] ([IdBebida], [DtInativacao], [Categoria], [Acao], [Motivo]) VALUES (1006, CAST(N'2019-11-18T00:05:00' AS SmallDateTime), N'Automática', N'Inativacao', N'O estoque do item zerou.')
INSERT [dbo].[InativacaoBebidas] ([IdBebida], [DtInativacao], [Categoria], [Acao], [Motivo]) VALUES (1006, CAST(N'2019-11-18T00:06:00' AS SmallDateTime), N'Automática', N'Ativação', N'O estoque do item recebeu entrada.')
SET IDENTITY_INSERT [dbo].[Ingredientes] ON 

INSERT [dbo].[Ingredientes] ([Id], [BebidaId], [Descricao]) VALUES (4002, 3002, N'Água mineral')
INSERT [dbo].[Ingredientes] ([Id], [BebidaId], [Descricao]) VALUES (4003, 3003, N'Água mineral')
INSERT [dbo].[Ingredientes] ([Id], [BebidaId], [Descricao]) VALUES (4004, 3004, N'Água mineral')
INSERT [dbo].[Ingredientes] ([Id], [BebidaId], [Descricao]) VALUES (4008, 2, N'Água mineral')
INSERT [dbo].[Ingredientes] ([Id], [BebidaId], [Descricao]) VALUES (4009, 3, N'Água mineral')
INSERT [dbo].[Ingredientes] ([Id], [BebidaId], [Descricao]) VALUES (8029, 2008, N'TESTE')
INSERT [dbo].[Ingredientes] ([Id], [BebidaId], [Descricao]) VALUES (9029, 3008, N'Sódio')
INSERT [dbo].[Ingredientes] ([Id], [BebidaId], [Descricao]) VALUES (9030, 3009, N'Sódio')
INSERT [dbo].[Ingredientes] ([Id], [BebidaId], [Descricao]) VALUES (9031, 3010, N'Sódio')
INSERT [dbo].[Ingredientes] ([Id], [BebidaId], [Descricao]) VALUES (9033, 3012, N'Sódio')
INSERT [dbo].[Ingredientes] ([Id], [BebidaId], [Descricao]) VALUES (9036, 3015, N'Sódio')
INSERT [dbo].[Ingredientes] ([Id], [BebidaId], [Descricao]) VALUES (9038, 3017, N'Sódio')
INSERT [dbo].[Ingredientes] ([Id], [BebidaId], [Descricao]) VALUES (6006, 2, N'Laranja')
INSERT [dbo].[Ingredientes] ([Id], [BebidaId], [Descricao]) VALUES (7006, 1002, N'Cevada')
INSERT [dbo].[Ingredientes] ([Id], [BebidaId], [Descricao]) VALUES (7007, 1002, N'Alcool')
INSERT [dbo].[Ingredientes] ([Id], [BebidaId], [Descricao]) VALUES (7008, 1003, N'Água')
INSERT [dbo].[Ingredientes] ([Id], [BebidaId], [Descricao]) VALUES (7009, 1003, N'Gás')
INSERT [dbo].[Ingredientes] ([Id], [BebidaId], [Descricao]) VALUES (7010, 1004, N'água')
INSERT [dbo].[Ingredientes] ([Id], [BebidaId], [Descricao]) VALUES (7011, 1004, N'minerais')
INSERT [dbo].[Ingredientes] ([Id], [BebidaId], [Descricao]) VALUES (9042, 3021, N'Sódio')
INSERT [dbo].[Ingredientes] ([Id], [BebidaId], [Descricao]) VALUES (9044, 3023, N'Sódio')
INSERT [dbo].[Ingredientes] ([Id], [BebidaId], [Descricao]) VALUES (10045, 4024, N'Sódio')
INSERT [dbo].[Ingredientes] ([Id], [BebidaId], [Descricao]) VALUES (11045, 5024, N'Sódio')
INSERT [dbo].[Ingredientes] ([Id], [BebidaId], [Descricao]) VALUES (2008, 2002, N'Suco de Laranja')
INSERT [dbo].[Ingredientes] ([Id], [BebidaId], [Descricao]) VALUES (2009, 2002, N'Açúcar')
INSERT [dbo].[Ingredientes] ([Id], [BebidaId], [Descricao]) VALUES (2010, 2, N'Água')
INSERT [dbo].[Ingredientes] ([Id], [BebidaId], [Descricao]) VALUES (2011, 2, N'SÓdio')
INSERT [dbo].[Ingredientes] ([Id], [BebidaId], [Descricao]) VALUES (7028, 1007, N'Água mineral')
INSERT [dbo].[Ingredientes] ([Id], [BebidaId], [Descricao]) VALUES (9034, 3013, N'Sódio')
INSERT [dbo].[Ingredientes] ([Id], [BebidaId], [Descricao]) VALUES (9040, 3019, N'Sódio')
INSERT [dbo].[Ingredientes] ([Id], [BebidaId], [Descricao]) VALUES (9041, 3020, N'Sódio')
INSERT [dbo].[Ingredientes] ([Id], [BebidaId], [Descricao]) VALUES (9043, 3022, N'Sódio')
INSERT [dbo].[Ingredientes] ([Id], [BebidaId], [Descricao]) VALUES (7026, 1006, N'Água')
INSERT [dbo].[Ingredientes] ([Id], [BebidaId], [Descricao]) VALUES (4012, 3, N'Água mineral')
INSERT [dbo].[Ingredientes] ([Id], [BebidaId], [Descricao]) VALUES (7027, 1006, N'Limão')
INSERT [dbo].[Ingredientes] ([Id], [BebidaId], [Descricao]) VALUES (7029, 1008, N'Água mineral')
INSERT [dbo].[Ingredientes] ([Id], [BebidaId], [Descricao]) VALUES (7030, 1009, N'Água mineral')
INSERT [dbo].[Ingredientes] ([Id], [BebidaId], [Descricao]) VALUES (9032, 3011, N'Sódio')
INSERT [dbo].[Ingredientes] ([Id], [BebidaId], [Descricao]) VALUES (7014, 1, N'Água mineral')
INSERT [dbo].[Ingredientes] ([Id], [BebidaId], [Descricao]) VALUES (4011, 2, N'Água mineral')
INSERT [dbo].[Ingredientes] ([Id], [BebidaId], [Descricao]) VALUES (9035, 3014, N'Sódio')
INSERT [dbo].[Ingredientes] ([Id], [BebidaId], [Descricao]) VALUES (9037, 3016, N'Sódio')
INSERT [dbo].[Ingredientes] ([Id], [BebidaId], [Descricao]) VALUES (9039, 3018, N'Sódio')
INSERT [dbo].[Ingredientes] ([Id], [BebidaId], [Descricao]) VALUES (7012, 1005, N'Laranja')
INSERT [dbo].[Ingredientes] ([Id], [BebidaId], [Descricao]) VALUES (7013, 1005, N'Água')
INSERT [dbo].[Ingredientes] ([Id], [BebidaId], [Descricao]) VALUES (9045, 3024, N'Sódio')
SET IDENTITY_INSERT [dbo].[Ingredientes] OFF
SET IDENTITY_INSERT [dbo].[Notificacoes] ON 

INSERT [dbo].[Notificacoes] ([Id], [IdCliente], [Descricao]) VALUES (1, 1, N'O cupom de troca TROCA302220191118180637441 foi gerado da aprovação da sua solicitação de troca do pedido #3022. Entre no menu ''Meus Cupons'' para visualizar.')
INSERT [dbo].[Notificacoes] ([Id], [IdCliente], [Descricao]) VALUES (2, 4013, N'O cupom de troca TROCA302420191118182917791 foi gerado da aprovação da sua solicitação de troca do pedido #3024. Entre no menu ''Meus Cupons'' para visualizar.')
INSERT [dbo].[Notificacoes] ([Id], [IdCliente], [Descricao]) VALUES (3, 4014, N'O cupom de troca TROCA302720191118192356592 foi gerado da aprovação da sua solicitação de troca do pedido #3027. Entre no menu ''Meus Cupons'' para visualizar.')
INSERT [dbo].[Notificacoes] ([Id], [IdCliente], [Descricao]) VALUES (1003, 5015, N'O cupom de troca TROCA502720191124031951440 foi gerado da aprovação da sua solicitação de troca do pedido #5027. Entre no menu ''Meus Cupons'' para visualizar.')
SET IDENTITY_INSERT [dbo].[Notificacoes] OFF
SET IDENTITY_INSERT [dbo].[Pedidos] ON 

INSERT [dbo].[Pedidos] ([Id], [ClienteId], [DataCadastro], [IdEnderecoEntrega], [IdCartao1], [ValorCartao1], [IdCartao2], [ValorCartao2], [ValorTotal], [IdCupom], [Desconto], [Frete]) VALUES (1, 1, CAST(N'2019-09-10' AS Date), 2, 2, CAST(12.45 AS Decimal(18, 2)), 0, CAST(0.00 AS Decimal(18, 2)), CAST(0.00 AS Decimal(18, 2)), 1, CAST(15.00 AS Decimal(18, 2)), CAST(0.31 AS Decimal(18, 2)))
INSERT [dbo].[Pedidos] ([Id], [ClienteId], [DataCadastro], [IdEnderecoEntrega], [IdCartao1], [ValorCartao1], [IdCartao2], [ValorCartao2], [ValorTotal], [IdCupom], [Desconto], [Frete]) VALUES (2, 1, CAST(N'2019-09-10' AS Date), 2, 2, CAST(17.94 AS Decimal(18, 2)), 0, CAST(0.00 AS Decimal(18, 2)), CAST(20.82 AS Decimal(18, 2)), 0, CAST(0.00 AS Decimal(18, 2)), CAST(2.88 AS Decimal(18, 2)))
INSERT [dbo].[Pedidos] ([Id], [ClienteId], [DataCadastro], [IdEnderecoEntrega], [IdCartao1], [ValorCartao1], [IdCartao2], [ValorCartao2], [ValorTotal], [IdCupom], [Desconto], [Frete]) VALUES (3, 1, CAST(N'2019-10-02' AS Date), 2, 2, CAST(10.35 AS Decimal(18, 2)), 2, CAST(10.35 AS Decimal(18, 2)), CAST(21.94 AS Decimal(18, 2)), 0, CAST(0.00 AS Decimal(18, 2)), CAST(1.24 AS Decimal(18, 2)))
INSERT [dbo].[Pedidos] ([Id], [ClienteId], [DataCadastro], [IdEnderecoEntrega], [IdCartao1], [ValorCartao1], [IdCartao2], [ValorCartao2], [ValorTotal], [IdCupom], [Desconto], [Frete]) VALUES (4, 1, CAST(N'2019-10-31' AS Date), 2, 2, CAST(33.12 AS Decimal(18, 2)), 0, CAST(0.00 AS Decimal(18, 2)), CAST(33.93 AS Decimal(18, 2)), 0, CAST(0.00 AS Decimal(18, 2)), CAST(0.81 AS Decimal(18, 2)))
INSERT [dbo].[Pedidos] ([Id], [ClienteId], [DataCadastro], [IdEnderecoEntrega], [IdCartao1], [ValorCartao1], [IdCartao2], [ValorCartao2], [ValorTotal], [IdCupom], [Desconto], [Frete]) VALUES (5, 1, CAST(N'2019-10-15' AS Date), 2, 2, CAST(41.40 AS Decimal(18, 2)), 0, CAST(0.00 AS Decimal(18, 2)), CAST(41.79 AS Decimal(18, 2)), 0, CAST(0.00 AS Decimal(18, 2)), CAST(0.39 AS Decimal(18, 2)))
INSERT [dbo].[Pedidos] ([Id], [ClienteId], [DataCadastro], [IdEnderecoEntrega], [IdCartao1], [ValorCartao1], [IdCartao2], [ValorCartao2], [ValorTotal], [IdCupom], [Desconto], [Frete]) VALUES (6, 1, CAST(N'2019-09-20' AS Date), 2, 2, CAST(30.70 AS Decimal(18, 2)), 0, CAST(0.00 AS Decimal(18, 2)), CAST(31.59 AS Decimal(18, 2)), 0, CAST(0.00 AS Decimal(18, 2)), CAST(0.89 AS Decimal(18, 2)))
INSERT [dbo].[Pedidos] ([Id], [ClienteId], [DataCadastro], [IdEnderecoEntrega], [IdCartao1], [ValorCartao1], [IdCartao2], [ValorCartao2], [ValorTotal], [IdCupom], [Desconto], [Frete]) VALUES (8, 1, CAST(N'2019-10-05' AS Date), 2, 2, CAST(26.91 AS Decimal(18, 2)), 0, CAST(0.00 AS Decimal(18, 2)), CAST(29.38 AS Decimal(18, 2)), 0, CAST(0.00 AS Decimal(18, 2)), CAST(2.47 AS Decimal(18, 2)))
INSERT [dbo].[Pedidos] ([Id], [ClienteId], [DataCadastro], [IdEnderecoEntrega], [IdCartao1], [ValorCartao1], [IdCartao2], [ValorCartao2], [ValorTotal], [IdCupom], [Desconto], [Frete]) VALUES (9, 1, CAST(N'2019-10-02' AS Date), 2, 2, CAST(12.45 AS Decimal(18, 2)), 0, CAST(0.00 AS Decimal(18, 2)), CAST(0.00 AS Decimal(18, 2)), 1, CAST(15.00 AS Decimal(18, 2)), CAST(0.31 AS Decimal(18, 2)))
INSERT [dbo].[Pedidos] ([Id], [ClienteId], [DataCadastro], [IdEnderecoEntrega], [IdCartao1], [ValorCartao1], [IdCartao2], [ValorCartao2], [ValorTotal], [IdCupom], [Desconto], [Frete]) VALUES (10, 1, CAST(N'2019-10-02' AS Date), 2, 2, CAST(12.45 AS Decimal(18, 2)), 0, CAST(0.00 AS Decimal(18, 2)), CAST(0.00 AS Decimal(18, 2)), 1, CAST(15.00 AS Decimal(18, 2)), CAST(0.31 AS Decimal(18, 2)))
INSERT [dbo].[Pedidos] ([Id], [ClienteId], [DataCadastro], [IdEnderecoEntrega], [IdCartao1], [ValorCartao1], [IdCartao2], [ValorCartao2], [ValorTotal], [IdCupom], [Desconto], [Frete]) VALUES (11, 1, CAST(N'2019-10-02' AS Date), 2, 2, CAST(12.45 AS Decimal(18, 2)), 0, CAST(0.00 AS Decimal(18, 2)), CAST(0.00 AS Decimal(18, 2)), 1, CAST(15.00 AS Decimal(18, 2)), CAST(0.31 AS Decimal(18, 2)))
INSERT [dbo].[Pedidos] ([Id], [ClienteId], [DataCadastro], [IdEnderecoEntrega], [IdCartao1], [ValorCartao1], [IdCartao2], [ValorCartao2], [ValorTotal], [IdCupom], [Desconto], [Frete]) VALUES (12, 1, CAST(N'2019-10-02' AS Date), 2, 2, CAST(12.45 AS Decimal(18, 2)), 0, CAST(0.00 AS Decimal(18, 2)), CAST(0.00 AS Decimal(18, 2)), 1, CAST(15.00 AS Decimal(18, 2)), CAST(0.31 AS Decimal(18, 2)))
INSERT [dbo].[Pedidos] ([Id], [ClienteId], [DataCadastro], [IdEnderecoEntrega], [IdCartao1], [ValorCartao1], [IdCartao2], [ValorCartao2], [ValorTotal], [IdCupom], [Desconto], [Frete]) VALUES (13, 1, CAST(N'2019-10-02' AS Date), 2, 2, CAST(12.45 AS Decimal(18, 2)), 0, CAST(0.00 AS Decimal(18, 2)), CAST(0.00 AS Decimal(18, 2)), 1, CAST(15.00 AS Decimal(18, 2)), CAST(0.31 AS Decimal(18, 2)))
INSERT [dbo].[Pedidos] ([Id], [ClienteId], [DataCadastro], [IdEnderecoEntrega], [IdCartao1], [ValorCartao1], [IdCartao2], [ValorCartao2], [ValorTotal], [IdCupom], [Desconto], [Frete]) VALUES (14, 1, CAST(N'2019-10-02' AS Date), 2, 2, CAST(12.45 AS Decimal(18, 2)), 0, CAST(0.00 AS Decimal(18, 2)), CAST(0.00 AS Decimal(18, 2)), 1, CAST(15.00 AS Decimal(18, 2)), CAST(0.31 AS Decimal(18, 2)))
INSERT [dbo].[Pedidos] ([Id], [ClienteId], [DataCadastro], [IdEnderecoEntrega], [IdCartao1], [ValorCartao1], [IdCartao2], [ValorCartao2], [ValorTotal], [IdCupom], [Desconto], [Frete]) VALUES (15, 1, CAST(N'2019-10-02' AS Date), 2, 2, CAST(12.45 AS Decimal(18, 2)), 0, CAST(0.00 AS Decimal(18, 2)), CAST(0.00 AS Decimal(18, 2)), 1, CAST(15.00 AS Decimal(18, 2)), CAST(0.31 AS Decimal(18, 2)))
INSERT [dbo].[Pedidos] ([Id], [ClienteId], [DataCadastro], [IdEnderecoEntrega], [IdCartao1], [ValorCartao1], [IdCartao2], [ValorCartao2], [ValorTotal], [IdCupom], [Desconto], [Frete]) VALUES (16, 1, CAST(N'2019-10-02' AS Date), 2, 2, CAST(12.45 AS Decimal(18, 2)), 0, CAST(0.00 AS Decimal(18, 2)), CAST(0.00 AS Decimal(18, 2)), 1, CAST(15.00 AS Decimal(18, 2)), CAST(0.31 AS Decimal(18, 2)))
INSERT [dbo].[Pedidos] ([Id], [ClienteId], [DataCadastro], [IdEnderecoEntrega], [IdCartao1], [ValorCartao1], [IdCartao2], [ValorCartao2], [ValorTotal], [IdCupom], [Desconto], [Frete]) VALUES (17, 1, CAST(N'2019-10-02' AS Date), 2, 2, CAST(12.45 AS Decimal(18, 2)), 0, CAST(0.00 AS Decimal(18, 2)), CAST(0.00 AS Decimal(18, 2)), 1, CAST(15.00 AS Decimal(18, 2)), CAST(0.31 AS Decimal(18, 2)))
INSERT [dbo].[Pedidos] ([Id], [ClienteId], [DataCadastro], [IdEnderecoEntrega], [IdCartao1], [ValorCartao1], [IdCartao2], [ValorCartao2], [ValorTotal], [IdCupom], [Desconto], [Frete]) VALUES (18, 1, CAST(N'2019-10-02' AS Date), 2, 2, CAST(12.45 AS Decimal(18, 2)), 0, CAST(0.00 AS Decimal(18, 2)), CAST(0.00 AS Decimal(18, 2)), 1, CAST(15.00 AS Decimal(18, 2)), CAST(0.31 AS Decimal(18, 2)))
INSERT [dbo].[Pedidos] ([Id], [ClienteId], [DataCadastro], [IdEnderecoEntrega], [IdCartao1], [ValorCartao1], [IdCartao2], [ValorCartao2], [ValorTotal], [IdCupom], [Desconto], [Frete]) VALUES (1019, 1, CAST(N'2019-11-07' AS Date), 2, 2, CAST(12.42 AS Decimal(18, 2)), 0, CAST(0.00 AS Decimal(18, 2)), CAST(0.00 AS Decimal(18, 2)), 1, CAST(15.00 AS Decimal(18, 2)), CAST(0.44 AS Decimal(18, 2)))
INSERT [dbo].[Pedidos] ([Id], [ClienteId], [DataCadastro], [IdEnderecoEntrega], [IdCartao1], [ValorCartao1], [IdCartao2], [ValorCartao2], [ValorTotal], [IdCupom], [Desconto], [Frete]) VALUES (1020, 1, CAST(N'2019-11-07' AS Date), 2, 2, CAST(12.42 AS Decimal(18, 2)), 0, CAST(0.00 AS Decimal(18, 2)), CAST(12.46 AS Decimal(18, 2)), 0, CAST(0.00 AS Decimal(18, 2)), CAST(0.04 AS Decimal(18, 2)))
INSERT [dbo].[Pedidos] ([Id], [ClienteId], [DataCadastro], [IdEnderecoEntrega], [IdCartao1], [ValorCartao1], [IdCartao2], [ValorCartao2], [ValorTotal], [IdCupom], [Desconto], [Frete]) VALUES (2019, 2003, CAST(N'2019-11-17' AS Date), 2002, 2002, CAST(12.75 AS Decimal(18, 2)), 0, CAST(0.00 AS Decimal(18, 2)), CAST(13.80 AS Decimal(18, 2)), 0, CAST(0.00 AS Decimal(18, 2)), CAST(1.05 AS Decimal(18, 2)))
INSERT [dbo].[Pedidos] ([Id], [ClienteId], [DataCadastro], [IdEnderecoEntrega], [IdCartao1], [ValorCartao1], [IdCartao2], [ValorCartao2], [ValorTotal], [IdCupom], [Desconto], [Frete]) VALUES (3019, 1, CAST(N'2019-11-18' AS Date), 3006, 2, CAST(28.14 AS Decimal(18, 2)), 0, CAST(0.00 AS Decimal(18, 2)), CAST(15.91 AS Decimal(18, 2)), 1, CAST(15.00 AS Decimal(18, 2)), CAST(2.77 AS Decimal(18, 2)))
INSERT [dbo].[Pedidos] ([Id], [ClienteId], [DataCadastro], [IdEnderecoEntrega], [IdCartao1], [ValorCartao1], [IdCartao2], [ValorCartao2], [ValorTotal], [IdCupom], [Desconto], [Frete]) VALUES (3022, 1, CAST(N'2019-11-18' AS Date), 3006, 2, CAST(17.00 AS Decimal(18, 2)), 0, CAST(0.00 AS Decimal(18, 2)), CAST(17.11 AS Decimal(18, 2)), 0, CAST(0.00 AS Decimal(18, 2)), CAST(0.11 AS Decimal(18, 2)))
INSERT [dbo].[Pedidos] ([Id], [ClienteId], [DataCadastro], [IdEnderecoEntrega], [IdCartao1], [ValorCartao1], [IdCartao2], [ValorCartao2], [ValorTotal], [IdCupom], [Desconto], [Frete]) VALUES (7, 1, CAST(N'2019-10-31' AS Date), 2, 2, CAST(62.79 AS Decimal(18, 2)), 0, CAST(0.00 AS Decimal(18, 2)), CAST(64.04 AS Decimal(18, 2)), 0, CAST(0.00 AS Decimal(18, 2)), CAST(1.25 AS Decimal(18, 2)))
SET IDENTITY_INSERT [dbo].[Pedidos] OFF
SET IDENTITY_INSERT [dbo].[PedidosHistorico] ON 

INSERT [dbo].[PedidosHistorico] ([Id], [IdPedido], [IdStatus], [DataAtualizacao]) VALUES (5207, 3023, 1, CAST(N'2019-11-18T17:50:00' AS SmallDateTime))
INSERT [dbo].[PedidosHistorico] ([Id], [IdPedido], [IdStatus], [DataAtualizacao]) VALUES (5219, 3024, 2, CAST(N'2019-11-18T18:27:00' AS SmallDateTime))
INSERT [dbo].[PedidosHistorico] ([Id], [IdPedido], [IdStatus], [DataAtualizacao]) VALUES (5237, 3027, 7, CAST(N'2019-11-18T19:23:00' AS SmallDateTime))
INSERT [dbo].[PedidosHistorico] ([Id], [IdPedido], [IdStatus], [DataAtualizacao]) VALUES (1, 1, 1, CAST(N'2019-11-03T23:30:00' AS SmallDateTime))
INSERT [dbo].[PedidosHistorico] ([Id], [IdPedido], [IdStatus], [DataAtualizacao]) VALUES (2, 1, 2, CAST(N'2019-11-03T23:30:00' AS SmallDateTime))
INSERT [dbo].[PedidosHistorico] ([Id], [IdPedido], [IdStatus], [DataAtualizacao]) VALUES (3, 1, 4, CAST(N'2019-11-03T23:30:00' AS SmallDateTime))
INSERT [dbo].[PedidosHistorico] ([Id], [IdPedido], [IdStatus], [DataAtualizacao]) VALUES (4, 1, 5, CAST(N'2019-11-03T23:30:00' AS SmallDateTime))
INSERT [dbo].[PedidosHistorico] ([Id], [IdPedido], [IdStatus], [DataAtualizacao]) VALUES (5, 1, 6, CAST(N'2019-11-03T23:30:00' AS SmallDateTime))
INSERT [dbo].[PedidosHistorico] ([Id], [IdPedido], [IdStatus], [DataAtualizacao]) VALUES (1002, 2, 1, CAST(N'2019-11-04T16:02:00' AS SmallDateTime))
INSERT [dbo].[PedidosHistorico] ([Id], [IdPedido], [IdStatus], [DataAtualizacao]) VALUES (1003, 2, 2, CAST(N'2019-11-04T16:02:00' AS SmallDateTime))
INSERT [dbo].[PedidosHistorico] ([Id], [IdPedido], [IdStatus], [DataAtualizacao]) VALUES (1004, 2, 4, CAST(N'2019-11-04T16:02:00' AS SmallDateTime))
INSERT [dbo].[PedidosHistorico] ([Id], [IdPedido], [IdStatus], [DataAtualizacao]) VALUES (1005, 2, 5, CAST(N'2019-11-04T16:02:00' AS SmallDateTime))
INSERT [dbo].[PedidosHistorico] ([Id], [IdPedido], [IdStatus], [DataAtualizacao]) VALUES (1006, 2, 6, CAST(N'2019-11-04T16:02:00' AS SmallDateTime))
INSERT [dbo].[PedidosHistorico] ([Id], [IdPedido], [IdStatus], [DataAtualizacao]) VALUES (1010, 3, 5, CAST(N'2019-11-04T16:05:00' AS SmallDateTime))
INSERT [dbo].[PedidosHistorico] ([Id], [IdPedido], [IdStatus], [DataAtualizacao]) VALUES (1011, 3, 6, CAST(N'2019-11-04T16:05:00' AS SmallDateTime))
INSERT [dbo].[PedidosHistorico] ([Id], [IdPedido], [IdStatus], [DataAtualizacao]) VALUES (1012, 4, 1, CAST(N'2019-11-04T16:07:00' AS SmallDateTime))
INSERT [dbo].[PedidosHistorico] ([Id], [IdPedido], [IdStatus], [DataAtualizacao]) VALUES (1013, 4, 2, CAST(N'2019-11-04T16:07:00' AS SmallDateTime))
INSERT [dbo].[PedidosHistorico] ([Id], [IdPedido], [IdStatus], [DataAtualizacao]) VALUES (1014, 4, 4, CAST(N'2019-11-04T16:07:00' AS SmallDateTime))
INSERT [dbo].[PedidosHistorico] ([Id], [IdPedido], [IdStatus], [DataAtualizacao]) VALUES (1017, 5, 1, CAST(N'2019-11-04T16:09:00' AS SmallDateTime))
INSERT [dbo].[PedidosHistorico] ([Id], [IdPedido], [IdStatus], [DataAtualizacao]) VALUES (1018, 5, 2, CAST(N'2019-11-04T16:09:00' AS SmallDateTime))
INSERT [dbo].[PedidosHistorico] ([Id], [IdPedido], [IdStatus], [DataAtualizacao]) VALUES (1019, 5, 4, CAST(N'2019-11-04T16:09:00' AS SmallDateTime))
INSERT [dbo].[PedidosHistorico] ([Id], [IdPedido], [IdStatus], [DataAtualizacao]) VALUES (1022, 6, 1, CAST(N'2019-11-04T16:10:00' AS SmallDateTime))
INSERT [dbo].[PedidosHistorico] ([Id], [IdPedido], [IdStatus], [DataAtualizacao]) VALUES (1023, 6, 2, CAST(N'2019-11-04T16:10:00' AS SmallDateTime))
INSERT [dbo].[PedidosHistorico] ([Id], [IdPedido], [IdStatus], [DataAtualizacao]) VALUES (1024, 6, 4, CAST(N'2019-11-04T16:10:00' AS SmallDateTime))
INSERT [dbo].[PedidosHistorico] ([Id], [IdPedido], [IdStatus], [DataAtualizacao]) VALUES (1030, 7, 5, CAST(N'2019-11-04T16:12:00' AS SmallDateTime))
INSERT [dbo].[PedidosHistorico] ([Id], [IdPedido], [IdStatus], [DataAtualizacao]) VALUES (1031, 7, 6, CAST(N'2019-11-04T16:12:00' AS SmallDateTime))
INSERT [dbo].[PedidosHistorico] ([Id], [IdPedido], [IdStatus], [DataAtualizacao]) VALUES (1035, 8, 5, CAST(N'2019-11-04T16:26:00' AS SmallDateTime))
INSERT [dbo].[PedidosHistorico] ([Id], [IdPedido], [IdStatus], [DataAtualizacao]) VALUES (1036, 8, 6, CAST(N'2019-11-04T16:26:00' AS SmallDateTime))
INSERT [dbo].[PedidosHistorico] ([Id], [IdPedido], [IdStatus], [DataAtualizacao]) VALUES (1137, 9, 1, CAST(N'2019-11-03T23:30:00' AS SmallDateTime))
INSERT [dbo].[PedidosHistorico] ([Id], [IdPedido], [IdStatus], [DataAtualizacao]) VALUES (1138, 9, 2, CAST(N'2019-11-03T23:30:00' AS SmallDateTime))
INSERT [dbo].[PedidosHistorico] ([Id], [IdPedido], [IdStatus], [DataAtualizacao]) VALUES (1139, 9, 4, CAST(N'2019-11-03T23:30:00' AS SmallDateTime))
INSERT [dbo].[PedidosHistorico] ([Id], [IdPedido], [IdStatus], [DataAtualizacao]) VALUES (1140, 9, 5, CAST(N'2019-11-03T23:30:00' AS SmallDateTime))
INSERT [dbo].[PedidosHistorico] ([Id], [IdPedido], [IdStatus], [DataAtualizacao]) VALUES (1141, 9, 6, CAST(N'2019-11-03T23:30:00' AS SmallDateTime))
INSERT [dbo].[PedidosHistorico] ([Id], [IdPedido], [IdStatus], [DataAtualizacao]) VALUES (1142, 10, 1, CAST(N'2019-11-03T23:30:00' AS SmallDateTime))
INSERT [dbo].[PedidosHistorico] ([Id], [IdPedido], [IdStatus], [DataAtualizacao]) VALUES (1143, 10, 2, CAST(N'2019-11-03T23:30:00' AS SmallDateTime))
INSERT [dbo].[PedidosHistorico] ([Id], [IdPedido], [IdStatus], [DataAtualizacao]) VALUES (1144, 10, 4, CAST(N'2019-11-03T23:30:00' AS SmallDateTime))
INSERT [dbo].[PedidosHistorico] ([Id], [IdPedido], [IdStatus], [DataAtualizacao]) VALUES (1145, 10, 5, CAST(N'2019-11-03T23:30:00' AS SmallDateTime))
INSERT [dbo].[PedidosHistorico] ([Id], [IdPedido], [IdStatus], [DataAtualizacao]) VALUES (1146, 10, 6, CAST(N'2019-11-03T23:30:00' AS SmallDateTime))
INSERT [dbo].[PedidosHistorico] ([Id], [IdPedido], [IdStatus], [DataAtualizacao]) VALUES (1147, 11, 1, CAST(N'2019-11-03T23:30:00' AS SmallDateTime))
INSERT [dbo].[PedidosHistorico] ([Id], [IdPedido], [IdStatus], [DataAtualizacao]) VALUES (1148, 11, 2, CAST(N'2019-11-03T23:30:00' AS SmallDateTime))
INSERT [dbo].[PedidosHistorico] ([Id], [IdPedido], [IdStatus], [DataAtualizacao]) VALUES (1149, 11, 4, CAST(N'2019-11-03T23:30:00' AS SmallDateTime))
INSERT [dbo].[PedidosHistorico] ([Id], [IdPedido], [IdStatus], [DataAtualizacao]) VALUES (1150, 11, 5, CAST(N'2019-11-03T23:30:00' AS SmallDateTime))
INSERT [dbo].[PedidosHistorico] ([Id], [IdPedido], [IdStatus], [DataAtualizacao]) VALUES (1151, 11, 6, CAST(N'2019-11-03T23:30:00' AS SmallDateTime))
INSERT [dbo].[PedidosHistorico] ([Id], [IdPedido], [IdStatus], [DataAtualizacao]) VALUES (1152, 12, 1, CAST(N'2019-11-03T23:30:00' AS SmallDateTime))
INSERT [dbo].[PedidosHistorico] ([Id], [IdPedido], [IdStatus], [DataAtualizacao]) VALUES (1153, 12, 2, CAST(N'2019-11-03T23:30:00' AS SmallDateTime))
INSERT [dbo].[PedidosHistorico] ([Id], [IdPedido], [IdStatus], [DataAtualizacao]) VALUES (1154, 12, 4, CAST(N'2019-11-03T23:30:00' AS SmallDateTime))
INSERT [dbo].[PedidosHistorico] ([Id], [IdPedido], [IdStatus], [DataAtualizacao]) VALUES (1155, 12, 5, CAST(N'2019-11-03T23:30:00' AS SmallDateTime))
INSERT [dbo].[PedidosHistorico] ([Id], [IdPedido], [IdStatus], [DataAtualizacao]) VALUES (1156, 12, 6, CAST(N'2019-11-03T23:30:00' AS SmallDateTime))
INSERT [dbo].[PedidosHistorico] ([Id], [IdPedido], [IdStatus], [DataAtualizacao]) VALUES (1157, 13, 1, CAST(N'2019-11-03T23:30:00' AS SmallDateTime))
INSERT [dbo].[PedidosHistorico] ([Id], [IdPedido], [IdStatus], [DataAtualizacao]) VALUES (1158, 13, 2, CAST(N'2019-11-03T23:30:00' AS SmallDateTime))
INSERT [dbo].[PedidosHistorico] ([Id], [IdPedido], [IdStatus], [DataAtualizacao]) VALUES (1159, 13, 4, CAST(N'2019-11-03T23:30:00' AS SmallDateTime))
INSERT [dbo].[PedidosHistorico] ([Id], [IdPedido], [IdStatus], [DataAtualizacao]) VALUES (1160, 13, 5, CAST(N'2019-11-03T23:30:00' AS SmallDateTime))
INSERT [dbo].[PedidosHistorico] ([Id], [IdPedido], [IdStatus], [DataAtualizacao]) VALUES (1161, 13, 6, CAST(N'2019-11-03T23:30:00' AS SmallDateTime))
INSERT [dbo].[PedidosHistorico] ([Id], [IdPedido], [IdStatus], [DataAtualizacao]) VALUES (1162, 14, 1, CAST(N'2019-11-03T23:30:00' AS SmallDateTime))
INSERT [dbo].[PedidosHistorico] ([Id], [IdPedido], [IdStatus], [DataAtualizacao]) VALUES (1163, 14, 2, CAST(N'2019-11-03T23:30:00' AS SmallDateTime))
INSERT [dbo].[PedidosHistorico] ([Id], [IdPedido], [IdStatus], [DataAtualizacao]) VALUES (1164, 14, 4, CAST(N'2019-11-03T23:30:00' AS SmallDateTime))
INSERT [dbo].[PedidosHistorico] ([Id], [IdPedido], [IdStatus], [DataAtualizacao]) VALUES (1165, 14, 5, CAST(N'2019-11-03T23:30:00' AS SmallDateTime))
INSERT [dbo].[PedidosHistorico] ([Id], [IdPedido], [IdStatus], [DataAtualizacao]) VALUES (1166, 14, 6, CAST(N'2019-11-03T23:30:00' AS SmallDateTime))
INSERT [dbo].[PedidosHistorico] ([Id], [IdPedido], [IdStatus], [DataAtualizacao]) VALUES (1167, 15, 1, CAST(N'2019-11-03T23:30:00' AS SmallDateTime))
INSERT [dbo].[PedidosHistorico] ([Id], [IdPedido], [IdStatus], [DataAtualizacao]) VALUES (1168, 15, 2, CAST(N'2019-11-03T23:30:00' AS SmallDateTime))
INSERT [dbo].[PedidosHistorico] ([Id], [IdPedido], [IdStatus], [DataAtualizacao]) VALUES (1169, 15, 4, CAST(N'2019-11-03T23:30:00' AS SmallDateTime))
INSERT [dbo].[PedidosHistorico] ([Id], [IdPedido], [IdStatus], [DataAtualizacao]) VALUES (1170, 15, 5, CAST(N'2019-11-03T23:30:00' AS SmallDateTime))
INSERT [dbo].[PedidosHistorico] ([Id], [IdPedido], [IdStatus], [DataAtualizacao]) VALUES (1171, 15, 6, CAST(N'2019-11-03T23:30:00' AS SmallDateTime))
INSERT [dbo].[PedidosHistorico] ([Id], [IdPedido], [IdStatus], [DataAtualizacao]) VALUES (1172, 16, 1, CAST(N'2019-11-03T23:30:00' AS SmallDateTime))
INSERT [dbo].[PedidosHistorico] ([Id], [IdPedido], [IdStatus], [DataAtualizacao]) VALUES (1173, 16, 2, CAST(N'2019-11-03T23:30:00' AS SmallDateTime))
INSERT [dbo].[PedidosHistorico] ([Id], [IdPedido], [IdStatus], [DataAtualizacao]) VALUES (1174, 16, 4, CAST(N'2019-11-03T23:30:00' AS SmallDateTime))
INSERT [dbo].[PedidosHistorico] ([Id], [IdPedido], [IdStatus], [DataAtualizacao]) VALUES (1175, 16, 5, CAST(N'2019-11-03T23:30:00' AS SmallDateTime))
INSERT [dbo].[PedidosHistorico] ([Id], [IdPedido], [IdStatus], [DataAtualizacao]) VALUES (1176, 16, 6, CAST(N'2019-11-03T23:30:00' AS SmallDateTime))
INSERT [dbo].[PedidosHistorico] ([Id], [IdPedido], [IdStatus], [DataAtualizacao]) VALUES (1177, 17, 1, CAST(N'2019-11-03T23:30:00' AS SmallDateTime))
INSERT [dbo].[PedidosHistorico] ([Id], [IdPedido], [IdStatus], [DataAtualizacao]) VALUES (1178, 17, 2, CAST(N'2019-11-03T23:30:00' AS SmallDateTime))
INSERT [dbo].[PedidosHistorico] ([Id], [IdPedido], [IdStatus], [DataAtualizacao]) VALUES (1179, 17, 4, CAST(N'2019-11-03T23:30:00' AS SmallDateTime))
INSERT [dbo].[PedidosHistorico] ([Id], [IdPedido], [IdStatus], [DataAtualizacao]) VALUES (1180, 17, 5, CAST(N'2019-11-03T23:30:00' AS SmallDateTime))
INSERT [dbo].[PedidosHistorico] ([Id], [IdPedido], [IdStatus], [DataAtualizacao]) VALUES (1181, 17, 6, CAST(N'2019-11-03T23:30:00' AS SmallDateTime))
INSERT [dbo].[PedidosHistorico] ([Id], [IdPedido], [IdStatus], [DataAtualizacao]) VALUES (1182, 18, 1, CAST(N'2019-11-03T23:30:00' AS SmallDateTime))
INSERT [dbo].[PedidosHistorico] ([Id], [IdPedido], [IdStatus], [DataAtualizacao]) VALUES (1183, 18, 2, CAST(N'2019-11-03T23:30:00' AS SmallDateTime))
INSERT [dbo].[PedidosHistorico] ([Id], [IdPedido], [IdStatus], [DataAtualizacao]) VALUES (1184, 18, 4, CAST(N'2019-11-03T23:30:00' AS SmallDateTime))
INSERT [dbo].[PedidosHistorico] ([Id], [IdPedido], [IdStatus], [DataAtualizacao]) VALUES (1185, 18, 5, CAST(N'2019-11-03T23:30:00' AS SmallDateTime))
INSERT [dbo].[PedidosHistorico] ([Id], [IdPedido], [IdStatus], [DataAtualizacao]) VALUES (1186, 18, 6, CAST(N'2019-11-03T23:30:00' AS SmallDateTime))
INSERT [dbo].[PedidosHistorico] ([Id], [IdPedido], [IdStatus], [DataAtualizacao]) VALUES (1, 1, 1, CAST(N'2019-11-03T23:30:00' AS SmallDateTime))
INSERT [dbo].[PedidosHistorico] ([Id], [IdPedido], [IdStatus], [DataAtualizacao]) VALUES (2, 1, 2, CAST(N'2019-11-03T23:30:00' AS SmallDateTime))
INSERT [dbo].[PedidosHistorico] ([Id], [IdPedido], [IdStatus], [DataAtualizacao]) VALUES (3, 1, 4, CAST(N'2019-11-03T23:30:00' AS SmallDateTime))
INSERT [dbo].[PedidosHistorico] ([Id], [IdPedido], [IdStatus], [DataAtualizacao]) VALUES (4, 1, 5, CAST(N'2019-11-03T23:30:00' AS SmallDateTime))
INSERT [dbo].[PedidosHistorico] ([Id], [IdPedido], [IdStatus], [DataAtualizacao]) VALUES (5, 1, 6, CAST(N'2019-11-03T23:30:00' AS SmallDateTime))
INSERT [dbo].[PedidosHistorico] ([Id], [IdPedido], [IdStatus], [DataAtualizacao]) VALUES (2187, 1019, 1, CAST(N'2019-11-07T02:09:00' AS SmallDateTime))
INSERT [dbo].[PedidosHistorico] ([Id], [IdPedido], [IdStatus], [DataAtualizacao]) VALUES (2188, 1019, 2, CAST(N'2019-11-07T02:09:00' AS SmallDateTime))
INSERT [dbo].[PedidosHistorico] ([Id], [IdPedido], [IdStatus], [DataAtualizacao]) VALUES (2189, 1019, 4, CAST(N'2019-11-07T02:09:00' AS SmallDateTime))
INSERT [dbo].[PedidosHistorico] ([Id], [IdPedido], [IdStatus], [DataAtualizacao]) VALUES (2190, 1019, 5, CAST(N'2019-11-07T02:09:00' AS SmallDateTime))
INSERT [dbo].[PedidosHistorico] ([Id], [IdPedido], [IdStatus], [DataAtualizacao]) VALUES (2191, 1019, 6, CAST(N'2019-11-07T02:09:00' AS SmallDateTime))
INSERT [dbo].[PedidosHistorico] ([Id], [IdPedido], [IdStatus], [DataAtualizacao]) VALUES (3187, 2019, 1, CAST(N'2019-11-17T02:51:00' AS SmallDateTime))
INSERT [dbo].[PedidosHistorico] ([Id], [IdPedido], [IdStatus], [DataAtualizacao]) VALUES (3188, 2019, 2, CAST(N'2019-11-17T02:51:00' AS SmallDateTime))
INSERT [dbo].[PedidosHistorico] ([Id], [IdPedido], [IdStatus], [DataAtualizacao]) VALUES (3189, 2019, 4, CAST(N'2019-11-17T02:51:00' AS SmallDateTime))
INSERT [dbo].[PedidosHistorico] ([Id], [IdPedido], [IdStatus], [DataAtualizacao]) VALUES (3190, 2019, 5, CAST(N'2019-11-17T02:51:00' AS SmallDateTime))
INSERT [dbo].[PedidosHistorico] ([Id], [IdPedido], [IdStatus], [DataAtualizacao]) VALUES (3191, 2019, 6, CAST(N'2019-11-17T02:51:00' AS SmallDateTime))
INSERT [dbo].[PedidosHistorico] ([Id], [IdPedido], [IdStatus], [DataAtualizacao]) VALUES (4187, 1, 9, CAST(N'2019-11-17T21:14:00' AS SmallDateTime))
INSERT [dbo].[PedidosHistorico] ([Id], [IdPedido], [IdStatus], [DataAtualizacao]) VALUES (4188, 1, 8, CAST(N'2019-11-17T21:17:00' AS SmallDateTime))
INSERT [dbo].[PedidosHistorico] ([Id], [IdPedido], [IdStatus], [DataAtualizacao]) VALUES (5187, 3019, 1, CAST(N'2019-11-18T16:37:00' AS SmallDateTime))
INSERT [dbo].[PedidosHistorico] ([Id], [IdPedido], [IdStatus], [DataAtualizacao]) VALUES (5188, 3019, 2, CAST(N'2019-11-18T16:37:00' AS SmallDateTime))
INSERT [dbo].[PedidosHistorico] ([Id], [IdPedido], [IdStatus], [DataAtualizacao]) VALUES (5189, 3019, 4, CAST(N'2019-11-18T16:38:00' AS SmallDateTime))
INSERT [dbo].[PedidosHistorico] ([Id], [IdPedido], [IdStatus], [DataAtualizacao]) VALUES (5194, 3020, 2, CAST(N'2019-11-18T17:16:00' AS SmallDateTime))

INSERT [dbo].[PedidosHistorico] ([Id], [IdPedido], [IdStatus], [DataAtualizacao]) VALUES (5196, 3021, 2, CAST(N'2019-11-18T17:24:00' AS SmallDateTime))
INSERT [dbo].[PedidosHistorico] ([Id], [IdPedido], [IdStatus], [DataAtualizacao]) VALUES (5201, 3022, 1, CAST(N'2019-11-18T17:28:00' AS SmallDateTime))
INSERT [dbo].[PedidosHistorico] ([Id], [IdPedido], [IdStatus], [DataAtualizacao]) VALUES (5208, 3023, 2, CAST(N'2019-11-18T17:51:00' AS SmallDateTime))
INSERT [dbo].[PedidosHistorico] ([Id], [IdPedido], [IdStatus], [DataAtualizacao]) VALUES (5209, 3023, 4, CAST(N'2019-11-18T17:51:00' AS SmallDateTime))
INSERT [dbo].[PedidosHistorico] ([Id], [IdPedido], [IdStatus], [DataAtualizacao]) VALUES (5210, 3023, 5, CAST(N'2019-11-18T17:51:00' AS SmallDateTime))
INSERT [dbo].[PedidosHistorico] ([Id], [IdPedido], [IdStatus], [DataAtualizacao]) VALUES (5211, 3023, 6, CAST(N'2019-11-18T17:51:00' AS SmallDateTime))
INSERT [dbo].[PedidosHistorico] ([Id], [IdPedido], [IdStatus], [DataAtualizacao]) VALUES (5212, 3023, 12, CAST(N'2019-11-18T17:51:00' AS SmallDateTime))
INSERT [dbo].[PedidosHistorico] ([Id], [IdPedido], [IdStatus], [DataAtualizacao]) VALUES (5215, 3022, 8, CAST(N'2019-11-18T18:07:00' AS SmallDateTime))
INSERT [dbo].[PedidosHistorico] ([Id], [IdPedido], [IdStatus], [DataAtualizacao]) VALUES (5217, 1, 9, CAST(N'2019-11-18T18:07:00' AS SmallDateTime))
INSERT [dbo].[PedidosHistorico] ([Id], [IdPedido], [IdStatus], [DataAtualizacao]) VALUES (5220, 3024, 4, CAST(N'2019-11-18T18:28:00' AS SmallDateTime))
INSERT [dbo].[PedidosHistorico] ([Id], [IdPedido], [IdStatus], [DataAtualizacao]) VALUES (5221, 3024, 5, CAST(N'2019-11-18T18:28:00' AS SmallDateTime))
INSERT [dbo].[PedidosHistorico] ([Id], [IdPedido], [IdStatus], [DataAtualizacao]) VALUES (5222, 3024, 6, CAST(N'2019-11-18T18:28:00' AS SmallDateTime))
INSERT [dbo].[PedidosHistorico] ([Id], [IdPedido], [IdStatus], [DataAtualizacao]) VALUES (5223, 3024, 12, CAST(N'2019-11-18T18:28:00' AS SmallDateTime))
INSERT [dbo].[PedidosHistorico] ([Id], [IdPedido], [IdStatus], [DataAtualizacao]) VALUES (5224, 3024, 7, CAST(N'2019-11-18T18:29:00' AS SmallDateTime))
INSERT [dbo].[PedidosHistorico] ([Id], [IdPedido], [IdStatus], [DataAtualizacao]) VALUES (5225, 3024, 8, CAST(N'2019-11-18T18:29:00' AS SmallDateTime))
INSERT [dbo].[PedidosHistorico] ([Id], [IdPedido], [IdStatus], [DataAtualizacao]) VALUES (5227, 3025, 1, CAST(N'2019-11-18T18:31:00' AS SmallDateTime))
INSERT [dbo].[PedidosHistorico] ([Id], [IdPedido], [IdStatus], [DataAtualizacao]) VALUES (5230, 3026, 2, CAST(N'2019-11-18T18:31:00' AS SmallDateTime))
INSERT [dbo].[PedidosHistorico] ([Id], [IdPedido], [IdStatus], [DataAtualizacao]) VALUES (5231, 3027, 1, CAST(N'2019-11-18T19:22:00' AS SmallDateTime))
INSERT [dbo].[PedidosHistorico] ([Id], [IdPedido], [IdStatus], [DataAtualizacao]) VALUES (5232, 3027, 2, CAST(N'2019-11-18T19:22:00' AS SmallDateTime))
INSERT [dbo].[PedidosHistorico] ([Id], [IdPedido], [IdStatus], [DataAtualizacao]) VALUES (5238, 3027, 8, CAST(N'2019-11-18T19:24:00' AS SmallDateTime))
INSERT [dbo].[PedidosHistorico] ([Id], [IdPedido], [IdStatus], [DataAtualizacao]) VALUES (5239, 3027, 10, CAST(N'2019-11-18T19:24:00' AS SmallDateTime))
INSERT [dbo].[PedidosHistorico] ([Id], [IdPedido], [IdStatus], [DataAtualizacao]) VALUES (5240, 3028, 1, CAST(N'2019-11-18T19:25:00' AS SmallDateTime))
INSERT [dbo].[PedidosHistorico] ([Id], [IdPedido], [IdStatus], [DataAtualizacao]) VALUES (1007, 3, 1, CAST(N'2019-11-04T16:05:00' AS SmallDateTime))
INSERT [dbo].[PedidosHistorico] ([Id], [IdPedido], [IdStatus], [DataAtualizacao]) VALUES (1008, 3, 2, CAST(N'2019-11-04T16:05:00' AS SmallDateTime))
INSERT [dbo].[PedidosHistorico] ([Id], [IdPedido], [IdStatus], [DataAtualizacao]) VALUES (1009, 3, 4, CAST(N'2019-11-04T16:05:00' AS SmallDateTime))
INSERT [dbo].[PedidosHistorico] ([Id], [IdPedido], [IdStatus], [DataAtualizacao]) VALUES (1015, 4, 5, CAST(N'2019-11-04T16:07:00' AS SmallDateTime))
INSERT [dbo].[PedidosHistorico] ([Id], [IdPedido], [IdStatus], [DataAtualizacao]) VALUES (1016, 4, 6, CAST(N'2019-11-04T16:07:00' AS SmallDateTime))
INSERT [dbo].[PedidosHistorico] ([Id], [IdPedido], [IdStatus], [DataAtualizacao]) VALUES (1020, 5, 5, CAST(N'2019-11-04T16:09:00' AS SmallDateTime))
INSERT [dbo].[PedidosHistorico] ([Id], [IdPedido], [IdStatus], [DataAtualizacao]) VALUES (1021, 5, 6, CAST(N'2019-11-04T16:09:00' AS SmallDateTime))
INSERT [dbo].[PedidosHistorico] ([Id], [IdPedido], [IdStatus], [DataAtualizacao]) VALUES (1032, 8, 1, CAST(N'2019-11-04T16:26:00' AS SmallDateTime))
INSERT [dbo].[PedidosHistorico] ([Id], [IdPedido], [IdStatus], [DataAtualizacao]) VALUES (1033, 8, 2, CAST(N'2019-11-04T16:26:00' AS SmallDateTime))
INSERT [dbo].[PedidosHistorico] ([Id], [IdPedido], [IdStatus], [DataAtualizacao]) VALUES (1034, 8, 4, CAST(N'2019-11-04T16:26:00' AS SmallDateTime))
INSERT [dbo].[PedidosHistorico] ([Id], [IdPedido], [IdStatus], [DataAtualizacao]) VALUES (4189, 1, 10, CAST(N'2019-11-17T21:17:00' AS SmallDateTime))
INSERT [dbo].[PedidosHistorico] ([Id], [IdPedido], [IdStatus], [DataAtualizacao]) VALUES (5218, 3024, 1, CAST(N'2019-11-18T18:27:00' AS SmallDateTime))
INSERT [dbo].[PedidosHistorico] ([Id], [IdPedido], [IdStatus], [DataAtualizacao]) VALUES (1025, 6, 5, CAST(N'2019-11-04T16:10:00' AS SmallDateTime))
INSERT [dbo].[PedidosHistorico] ([Id], [IdPedido], [IdStatus], [DataAtualizacao]) VALUES (1026, 6, 6, CAST(N'2019-11-04T16:10:00' AS SmallDateTime))
INSERT [dbo].[PedidosHistorico] ([Id], [IdPedido], [IdStatus], [DataAtualizacao]) VALUES (1027, 7, 1, CAST(N'2019-11-04T16:12:00' AS SmallDateTime))
INSERT [dbo].[PedidosHistorico] ([Id], [IdPedido], [IdStatus], [DataAtualizacao]) VALUES (1028, 7, 2, CAST(N'2019-11-04T16:12:00' AS SmallDateTime))
INSERT [dbo].[PedidosHistorico] ([Id], [IdPedido], [IdStatus], [DataAtualizacao]) VALUES (1029, 7, 4, CAST(N'2019-11-04T16:12:00' AS SmallDateTime))
INSERT [dbo].[PedidosHistorico] ([Id], [IdPedido], [IdStatus], [DataAtualizacao]) VALUES (2195, 1020, 5, CAST(N'2019-11-07T02:31:00' AS SmallDateTime))
INSERT [dbo].[PedidosHistorico] ([Id], [IdPedido], [IdStatus], [DataAtualizacao]) VALUES (2196, 1020, 6, CAST(N'2019-11-07T02:31:00' AS SmallDateTime))
INSERT [dbo].[PedidosHistorico] ([Id], [IdPedido], [IdStatus], [DataAtualizacao]) VALUES (5226, 3024, 10, CAST(N'2019-11-18T18:29:00' AS SmallDateTime))
INSERT [dbo].[PedidosHistorico] ([Id], [IdPedido], [IdStatus], [DataAtualizacao]) VALUES (1192, 1, 7, CAST(N'2019-11-04T19:51:00' AS SmallDateTime))
INSERT [dbo].[PedidosHistorico] ([Id], [IdPedido], [IdStatus], [DataAtualizacao]) VALUES (5229, 3026, 1, CAST(N'2019-11-18T18:31:00' AS SmallDateTime))
INSERT [dbo].[PedidosHistorico] ([Id], [IdPedido], [IdStatus], [DataAtualizacao]) VALUES (5234, 3027, 5, CAST(N'2019-11-18T19:23:00' AS SmallDateTime))
INSERT [dbo].[PedidosHistorico] ([Id], [IdPedido], [IdStatus], [DataAtualizacao]) VALUES (5235, 3027, 6, CAST(N'2019-11-18T19:23:00' AS SmallDateTime))
INSERT [dbo].[PedidosHistorico] ([Id], [IdPedido], [IdStatus], [DataAtualizacao]) VALUES (5236, 3027, 12, CAST(N'2019-11-18T19:23:00' AS SmallDateTime))
INSERT [dbo].[PedidosHistorico] ([Id], [IdPedido], [IdStatus], [DataAtualizacao]) VALUES (2192, 1020, 1, CAST(N'2019-11-07T02:31:00' AS SmallDateTime))
INSERT [dbo].[PedidosHistorico] ([Id], [IdPedido], [IdStatus], [DataAtualizacao]) VALUES (2193, 1020, 2, CAST(N'2019-11-07T02:31:00' AS SmallDateTime))
INSERT [dbo].[PedidosHistorico] ([Id], [IdPedido], [IdStatus], [DataAtualizacao]) VALUES (2194, 1020, 4, CAST(N'2019-11-07T02:31:00' AS SmallDateTime))
INSERT [dbo].[PedidosHistorico] ([Id], [IdPedido], [IdStatus], [DataAtualizacao]) VALUES (5214, 3022, 7, CAST(N'2019-11-18T18:06:00' AS SmallDateTime))
INSERT [dbo].[PedidosHistorico] ([Id], [IdPedido], [IdStatus], [DataAtualizacao]) VALUES (5216, 3022, 10, CAST(N'2019-11-18T18:07:00' AS SmallDateTime))
INSERT [dbo].[PedidosHistorico] ([Id], [IdPedido], [IdStatus], [DataAtualizacao]) VALUES (5190, 3019, 5, CAST(N'2019-11-18T16:38:00' AS SmallDateTime))
INSERT [dbo].[PedidosHistorico] ([Id], [IdPedido], [IdStatus], [DataAtualizacao]) VALUES (5191, 3019, 6, CAST(N'2019-11-18T16:38:00' AS SmallDateTime))
INSERT [dbo].[PedidosHistorico] ([Id], [IdPedido], [IdStatus], [DataAtualizacao]) VALUES (5192, 3019, 12, CAST(N'2019-11-18T16:38:00' AS SmallDateTime))
INSERT [dbo].[PedidosHistorico] ([Id], [IdPedido], [IdStatus], [DataAtualizacao]) VALUES (5198, 3020, 5, CAST(N'2019-11-18T17:25:00' AS SmallDateTime))
INSERT [dbo].[PedidosHistorico] ([Id], [IdPedido], [IdStatus], [DataAtualizacao]) VALUES (5199, 3020, 6, CAST(N'2019-11-18T17:25:00' AS SmallDateTime))
INSERT [dbo].[PedidosHistorico] ([Id], [IdPedido], [IdStatus], [DataAtualizacao]) VALUES (5200, 3020, 12, CAST(N'2019-11-18T17:25:00' AS SmallDateTime))
INSERT [dbo].[PedidosHistorico] ([Id], [IdPedido], [IdStatus], [DataAtualizacao]) VALUES (5204, 3022, 5, CAST(N'2019-11-18T17:29:00' AS SmallDateTime))
INSERT [dbo].[PedidosHistorico] ([Id], [IdPedido], [IdStatus], [DataAtualizacao]) VALUES (5205, 3022, 6, CAST(N'2019-11-18T17:29:00' AS SmallDateTime))
INSERT [dbo].[PedidosHistorico] ([Id], [IdPedido], [IdStatus], [DataAtualizacao]) VALUES (5206, 3022, 12, CAST(N'2019-11-18T17:29:00' AS SmallDateTime))
INSERT [dbo].[PedidosHistorico] ([Id], [IdPedido], [IdStatus], [DataAtualizacao]) VALUES (5213, 3023, 7, CAST(N'2019-11-18T17:52:00' AS SmallDateTime))
INSERT [dbo].[PedidosHistorico] ([Id], [IdPedido], [IdStatus], [DataAtualizacao]) VALUES (5228, 3025, 2, CAST(N'2019-11-18T18:31:00' AS SmallDateTime))
INSERT [dbo].[PedidosHistorico] ([Id], [IdPedido], [IdStatus], [DataAtualizacao]) VALUES (5233, 3027, 4, CAST(N'2019-11-18T19:23:00' AS SmallDateTime))
INSERT [dbo].[PedidosHistorico] ([Id], [IdPedido], [IdStatus], [DataAtualizacao]) VALUES (5241, 3028, 2, CAST(N'2019-11-18T19:25:00' AS SmallDateTime))
INSERT [dbo].[PedidosHistorico] ([Id], [IdPedido], [IdStatus], [DataAtualizacao]) VALUES (5193, 3020, 1, CAST(N'2019-11-18T17:16:00' AS SmallDateTime))
INSERT [dbo].[PedidosHistorico] ([Id], [IdPedido], [IdStatus], [DataAtualizacao]) VALUES (5195, 3021, 1, CAST(N'2019-11-18T17:24:00' AS SmallDateTime))
INSERT [dbo].[PedidosHistorico] ([Id], [IdPedido], [IdStatus], [DataAtualizacao]) VALUES (5197, 3020, 4, CAST(N'2019-11-18T17:25:00' AS SmallDateTime))
INSERT [dbo].[PedidosHistorico] ([Id], [IdPedido], [IdStatus], [DataAtualizacao]) VALUES (5202, 3022, 2, CAST(N'2019-11-18T17:28:00' AS SmallDateTime))
INSERT [dbo].[PedidosHistorico] ([Id], [IdPedido], [IdStatus], [DataAtualizacao]) VALUES (5203, 3022, 4, CAST(N'2019-11-18T17:29:00' AS SmallDateTime))
SET IDENTITY_INSERT [dbo].[PedidosHistorico] OFF
SET IDENTITY_INSERT [dbo].[PedidosItens] ON 

INSERT [dbo].[PedidosItens] ([Id], [PedidoId], [BebidaId], [Quantidade]) VALUES (1, 1, 2, 3)
INSERT [dbo].[PedidosItens] ([Id], [PedidoId], [BebidaId], [Quantidade]) VALUES (2, 2, 1002, 2)
INSERT [dbo].[PedidosItens] ([Id], [PedidoId], [BebidaId], [Quantidade]) VALUES (3, 3, 1003, 5)
INSERT [dbo].[PedidosItens] ([Id], [PedidoId], [BebidaId], [Quantidade]) VALUES (4, 4, 1003, 8)
INSERT [dbo].[PedidosItens] ([Id], [PedidoId], [BebidaId], [Quantidade]) VALUES (5, 5, 1003, 10)
INSERT [dbo].[PedidosItens] ([Id], [PedidoId], [BebidaId], [Quantidade]) VALUES (6, 6, 1004, 5)
INSERT [dbo].[PedidosItens] ([Id], [PedidoId], [BebidaId], [Quantidade]) VALUES (1030, 1019, 1003, 3)
INSERT [dbo].[PedidosItens] ([Id], [PedidoId], [BebidaId], [Quantidade]) VALUES (1031, 1020, 1003, 3)
INSERT [dbo].[PedidosItens] ([Id], [PedidoId], [BebidaId], [Quantidade]) VALUES (2030, 2019, 2, 3)
INSERT [dbo].[PedidosItens] ([Id], [PedidoId], [BebidaId], [Quantidade]) VALUES (7, 7, 1002, 7)
INSERT [dbo].[PedidosItens] ([Id], [PedidoId], [BebidaId], [Quantidade]) VALUES (8, 8, 1002, 3)
INSERT [dbo].[PedidosItens] ([Id], [PedidoId], [BebidaId], [Quantidade]) VALUES (9, 9, 2, 3)
INSERT [dbo].[PedidosItens] ([Id], [PedidoId], [BebidaId], [Quantidade]) VALUES (11, 10, 2, 3)
INSERT [dbo].[PedidosItens] ([Id], [PedidoId], [BebidaId], [Quantidade]) VALUES (14, 11, 2, 3)
INSERT [dbo].[PedidosItens] ([Id], [PedidoId], [BebidaId], [Quantidade]) VALUES (16, 12, 2, 3)
INSERT [dbo].[PedidosItens] ([Id], [PedidoId], [BebidaId], [Quantidade]) VALUES (18, 13, 2, 3)
INSERT [dbo].[PedidosItens] ([Id], [PedidoId], [BebidaId], [Quantidade]) VALUES (20, 14, 2, 3)
INSERT [dbo].[PedidosItens] ([Id], [PedidoId], [BebidaId], [Quantidade]) VALUES (22, 15, 2, 3)
INSERT [dbo].[PedidosItens] ([Id], [PedidoId], [BebidaId], [Quantidade]) VALUES (24, 16, 2, 3)
INSERT [dbo].[PedidosItens] ([Id], [PedidoId], [BebidaId], [Quantidade]) VALUES (26, 17, 2, 3)
INSERT [dbo].[PedidosItens] ([Id], [PedidoId], [BebidaId], [Quantidade]) VALUES (28, 18, 2, 3)
SET IDENTITY_INSERT [dbo].[PedidosItens] OFF
SET IDENTITY_INSERT [dbo].[PedidosStatus] ON 

INSERT [dbo].[PedidosStatus] ([Id], [Descricao]) VALUES (1, N'EM PROCESSAMENTO')
INSERT [dbo].[PedidosStatus] ([Id], [Descricao]) VALUES (2, N'APROVADA')
INSERT [dbo].[PedidosStatus] ([Id], [Descricao]) VALUES (3, N'REPROVADA')
INSERT [dbo].[PedidosStatus] ([Id], [Descricao]) VALUES (4, N'EM TRANSITO')
INSERT [dbo].[PedidosStatus] ([Id], [Descricao]) VALUES (5, N'EM TRANSPORTE')
INSERT [dbo].[PedidosStatus] ([Id], [Descricao]) VALUES (6, N'ENTREGUE')
INSERT [dbo].[PedidosStatus] ([Id], [Descricao]) VALUES (7, N'EM TROCA')
INSERT [dbo].[PedidosStatus] ([Id], [Descricao]) VALUES (8, N'TROCA AUTORIZADA')
INSERT [dbo].[PedidosStatus] ([Id], [Descricao]) VALUES (9, N'TROCA NÃO AUTORIZADA')
INSERT [dbo].[PedidosStatus] ([Id], [Descricao]) VALUES (10, N'TROCADO')
INSERT [dbo].[PedidosStatus] ([Id], [Descricao]) VALUES (11, N'CANCELADO')
INSERT [dbo].[PedidosStatus] ([Id], [Descricao]) VALUES (12, N'FINALIZADO')
SET IDENTITY_INSERT [dbo].[PedidosStatus] OFF
SET IDENTITY_INSERT [dbo].[Precificacao] ON 

INSERT [dbo].[Precificacao] ([IdGrupo], [Descricao], [MargemLucro]) VALUES (1, N'Comum', CAST(15.05 AS Decimal(18, 2)))
INSERT [dbo].[Precificacao] ([IdGrupo], [Descricao], [MargemLucro]) VALUES (2, N'Alcoólicos', CAST(27.47 AS Decimal(18, 2)))
SET IDENTITY_INSERT [dbo].[Precificacao] OFF
SET IDENTITY_INSERT [dbo].[SolicitacoesTroca] ON 

INSERT [dbo].[SolicitacoesTroca] ([Id], [Descricao], [Status], [IdCliente], [IdPedido], [Data], [MotivoReprovacao], [IdCupom]) VALUES (1, N'O produto estava vencido!', 2, 1, 1, CAST(N'2019-10-14T19:56:00' AS SmallDateTime), N'quero', NULL)
INSERT [dbo].[SolicitacoesTroca] ([Id], [Descricao], [Status], [IdCliente], [IdPedido], [Data], [MotivoReprovacao], [IdCupom]) VALUES (2, N'O produto estava vencido!', 2, 1, 1, CAST(N'2019-10-14T20:05:00' AS SmallDateTime), N'abc', NULL)
INSERT [dbo].[SolicitacoesTroca] ([Id], [Descricao], [Status], [IdCliente], [IdPedido], [Data], [MotivoReprovacao], [IdCupom]) VALUES (3, N'O produto estava vencido!', 1, 1, 1, CAST(N'2019-10-14T20:44:00' AS SmallDateTime), NULL, 1002)
INSERT [dbo].[SolicitacoesTroca] ([Id], [Descricao], [Status], [IdCliente], [IdPedido], [Data], [MotivoReprovacao], [IdCupom]) VALUES (1003, N'O produto estava vencido!', 2, 1, 1, CAST(N'2019-11-04T19:51:00' AS SmallDateTime), N'naan', NULL)
INSERT [dbo].[SolicitacoesTroca] ([Id], [Descricao], [Status], [IdCliente], [IdPedido], [Data], [MotivoReprovacao], [IdCupom]) VALUES (2004, N'asssssa', 1, 1, 3022, CAST(N'2019-11-18T18:06:00' AS SmallDateTime), NULL, 4002)
INSERT [dbo].[SolicitacoesTroca] ([Id], [Descricao], [Status], [IdCliente], [IdPedido], [Data], [MotivoReprovacao], [IdCupom]) VALUES (3006, N'O produto estava vencido!', 1, 5015, 5027, CAST(N'2019-11-24T03:19:00' AS SmallDateTime), NULL, 5004)
SET IDENTITY_INSERT [dbo].[SolicitacoesTroca] OFF
SET IDENTITY_INSERT [dbo].[Telefones] ON 

INSERT [dbo].[Telefones] ([Id], [IdUsuario], [DDD], [Numero], [IdTipoTelefone]) VALUES (1, 1, 12, N'121212121', 1)
INSERT [dbo].[Telefones] ([Id], [IdUsuario], [DDD], [Numero], [IdTipoTelefone]) VALUES (3, 2003, 11, N'40028922', 1)
INSERT [dbo].[Telefones] ([Id], [IdUsuario], [DDD], [Numero], [IdTipoTelefone]) VALUES (1002, 3003, 11, N'40028-922', 1)
INSERT [dbo].[Telefones] ([Id], [IdUsuario], [DDD], [Numero], [IdTipoTelefone]) VALUES (2002, 4003, 11, N'40028-229', 1)
INSERT [dbo].[Telefones] ([Id], [IdUsuario], [DDD], [Numero], [IdTipoTelefone]) VALUES (2003, 4004, 11, N'40028-229', 1)
INSERT [dbo].[Telefones] ([Id], [IdUsuario], [DDD], [Numero], [IdTipoTelefone]) VALUES (2004, 4005, 11, N'40028-229', 1)
INSERT [dbo].[Telefones] ([Id], [IdUsuario], [DDD], [Numero], [IdTipoTelefone]) VALUES (2005, 4006, 11, N'40028-229', 1)
INSERT [dbo].[Telefones] ([Id], [IdUsuario], [DDD], [Numero], [IdTipoTelefone]) VALUES (2006, 4007, 11, N'40028-922', 1)
INSERT [dbo].[Telefones] ([Id], [IdUsuario], [DDD], [Numero], [IdTipoTelefone]) VALUES (2008, 4009, 11, N'40028-922', 1)
INSERT [dbo].[Telefones] ([Id], [IdUsuario], [DDD], [Numero], [IdTipoTelefone]) VALUES (2010, 4011, 11, N'40028-229', 1)
INSERT [dbo].[Telefones] ([Id], [IdUsuario], [DDD], [Numero], [IdTipoTelefone]) VALUES (3013, 4015, 11, N'40028-229', 1)
INSERT [dbo].[Telefones] ([Id], [IdUsuario], [DDD], [Numero], [IdTipoTelefone]) VALUES (4013, 5015, 11, N'40028-922', 1)
INSERT [dbo].[Telefones] ([Id], [IdUsuario], [DDD], [Numero], [IdTipoTelefone]) VALUES (2007, 4008, 11, N'40028-229', 1)
INSERT [dbo].[Telefones] ([Id], [IdUsuario], [DDD], [Numero], [IdTipoTelefone]) VALUES (2011, 4012, 11, N'40028-229', 1)
INSERT [dbo].[Telefones] ([Id], [IdUsuario], [DDD], [Numero], [IdTipoTelefone]) VALUES (2012, 4013, 11, N'40028-229', 1)
INSERT [dbo].[Telefones] ([Id], [IdUsuario], [DDD], [Numero], [IdTipoTelefone]) VALUES (2009, 4010, 11, N'40028-229', 1)
INSERT [dbo].[Telefones] ([Id], [IdUsuario], [DDD], [Numero], [IdTipoTelefone]) VALUES (2013, 4014, 11, N'40028-922', 1)
SET IDENTITY_INSERT [dbo].[Telefones] OFF
SET IDENTITY_INSERT [dbo].[TipoBebida] ON 

INSERT [dbo].[TipoBebida] ([Id], [Descricao], [IdPrecificacao]) VALUES (1, N'Água', 1)
INSERT [dbo].[TipoBebida] ([Id], [Descricao], [IdPrecificacao]) VALUES (2, N'Suco', 1)
INSERT [dbo].[TipoBebida] ([Id], [Descricao], [IdPrecificacao]) VALUES (3, N'Cerveja', 2)
INSERT [dbo].[TipoBebida] ([Id], [Descricao], [IdPrecificacao]) VALUES (4, N'Refrigerante', 1)
INSERT [dbo].[TipoBebida] ([Id], [Descricao], [IdPrecificacao]) VALUES (5, N'Chá', 1)
INSERT [dbo].[TipoBebida] ([Id], [Descricao], [IdPrecificacao]) VALUES (6, N'Saquê', 2)
INSERT [dbo].[TipoBebida] ([Id], [Descricao], [IdPrecificacao]) VALUES (7, N'Vinho', 2)
SET IDENTITY_INSERT [dbo].[TipoBebida] OFF
SET IDENTITY_INSERT [dbo].[TipoCupom] ON 

INSERT [dbo].[TipoCupom] ([Id], [Descricao]) VALUES (1, N'Desconto')
INSERT [dbo].[TipoCupom] ([Id], [Descricao]) VALUES (2, N'Troca')
INSERT [dbo].[TipoCupom] ([Id], [Descricao]) VALUES (3, N'Troco')
SET IDENTITY_INSERT [dbo].[TipoCupom] OFF
